Position,Company,URL
AI engineer,Sticker Mule,https://remoteok.com/remote-jobs/remote-ai-engineer-sticker-mule-213158
Fullstack developer senior,CloudDevs,https://remoteok.com/remote-jobs/remote-fullstack-developer-senior-clouddevs-207318
Senior Backend Python Developer,Proxify,https://remoteok.com/remote-jobs/remote-senior-backend-python-developer-proxify-206355
Workflow Automation Specialist,Opzer.co,https://remoteok.com/remote-jobs/remote-workflow-automation-specialist-opzer-co-202539
Data Engineer,Art Blocks,https://remoteok.com/remote-jobs/remote-data-engineer-art-blocks-201880
Data Engineer Intern,DeFiner,https://remoteok.com/remote-jobs/remote-data-engineer-intern-definer-199886
DevOps Engineer Freelance,Braintrust,https://remoteok.com/remote-jobs/remote-devops-engineer-freelance-braintrust-199343
Data Engineer,Scalapay,https://remoteok.com/remote-jobs/remote-data-engineer-scalapay-188410
Engineer Golang Python,FinCompare,https://remoteok.com/remote-jobs/remote-engineer-golang-python-fincompare-183780
Senior DevOps Engineer,Twist Bioscience,https://remoteok.com/remote-jobs/remote-senior-devops-engineer-twist-bioscience-167248
Senior Software Engineer Test Hybrid,SonicWall,https://remoteok.com/remote-jobs/remote-senior-software-engineer-test-hybrid-sonicwall-166721
Penetration Tester,ScienceLogic,https://remoteok.com/remote-jobs/remote-penetration-tester-sciencelogic-164585
Senior Site Reliability Expert,Lightspeed Commerce,https://remoteok.com/remote-jobs/remote-senior-site-reliability-expert-lightspeed-commerce-163296
Online Technology Intern,PlayStation Global,https://remoteok.com/remote-jobs/remote-online-technology-intern-playstation-global-157134
Lead Data Engineer,ICF,https://remoteok.com/remote-jobs/remote-lead-data-engineer-icf-156917
Technical Lead Data Pipeline GPU Python C+,Planet,https://remoteok.com/remote-jobs/remote-technical-lead-data-pipeline-gpu-python-c-planet-156908
Solution Architect,ICF,https://remoteok.com/remote-jobs/remote-solution-architect-icf-156887
IT Manager,Civis Analytics,https://remoteok.com/remote-jobs/remote-it-manager-civis-analytics-151380
Security Automation Engineer,KnowBe4,https://remoteok.com/remote-jobs/remote-security-automation-engineer-knowbe4-149809
Principal Full Stack Developer,Tailorbird, Inc.,https://remoteok.com/remote-jobs/remote-principal-full-stack-developer-tailorbird-inc-149437
Senior Python Engineer: Long-term job - 100% remote,Proxify AB,https://weworkremotely.com/remote-jobs/proxify-ab-senior-python-engineer-long-term-job-100-remote
Full Stack Software Engineer (React / Python),Trustworthy,https://weworkremotely.com/remote-jobs/trustworthy-full-stack-software-engineer-react-python
Senior Open Source Developer & DevOps (Python, Django, React, AWS/OpenStack),OpenCraft,https://weworkremotely.com/remote-jobs/opencraft-senior-open-source-developer-devops-python-django-react-aws-openstack
Senior Backend Engineer (Python),TestGorilla,https://weworkremotely.com/remote-jobs/testgorilla-senior-backend-engineer-python-10
Python Platform Engineer,Doximity,https://weworkremotely.com/remote-jobs/doximity-python-platform-engineer
